"Time Study from ,""2020-12-01 12:17:35"""
"Statistic values,""Lap time"",""IM"",""TMU"",""DM"",""HM"",""CYCLE"""
"Averages,""00:08,497"",""0,24"",""0,14"",""13"",""236"",""17"""
"Min values,""00:00,639"",""0,02"",""0,01"",""1"",""18"",""1"""
"Min values,""01:23,197"",""2,31"",""1,39"",""138"",""2311"",""94"""
"Lap No,""Time"",""Total time"",""Seconds consecutive"",""Lap time"",""IMa"",""TMU"",""DMa"",""HM"",""CYCLE"",""LONG_LAP_UPDATED_TIME (can be deleted by user)"",""LONG_UPDATED_TIME (can be deleted by user)"""
"1,""11:47:38"",""00:05,591"",""5"",""00:05,591"",""0,155306"",""155,305557"",""0,093183"",""9"",""10,731533"",""5591"",""5591"""
"2,""11:47:41"",""00:08,625"",""8"",""00:03,034"",""0,084278"",""84,277779"",""0,050567"",""5"",""19,775873"",""3034"",""8625"""
"3,""11:47:46"",""00:13,601"",""13"",""00:04,976"",""0,138222"",""138,222229"",""0,082933"",""8"",""12,057878"",""4976"",""13601"""
"4,""11:47:48"",""00:15,375"",""15"",""00:01,774"",""0,049278"",""49,277779"",""0,029567"",""2"",""33,821869"",""1774"",""15375"""
"5,""11:47:51"",""00:17,865"",""17"",""00:02,490"",""0,069167"",""69,166664"",""0,041500"",""4"",""24,096386"",""2490"",""17865"""
"6,""11:47:53"",""00:20,289"",""20"",""00:02,424"",""0,067333"",""67,333336"",""0,040400"",""4"",""24,752474"",""2424"",""20289"""
"7,""11:48:00"",""00:26,848"",""26"",""00:06,559"",""0,182194"",""182,194443"",""0,109317"",""10"",""9,147736"",""6559"",""26848"""
"8,""11:48:02"",""00:29,226"",""29"",""00:02,378"",""0,066056"",""66,055557"",""0,039633"",""3"",""25,231287"",""2378"",""29226"""
"9,""11:48:05"",""00:32,627"",""32"",""00:03,401"",""0,094472"",""94,472221"",""0,056683"",""5"",""17,641869"",""3401"",""32627"""
"10,""11:48:11"",""00:38,695"",""38"",""00:06,068"",""0,168556"",""168,555557"",""0,101133"",""10"",""9,887937"",""6068"",""38695"""
"11,""11:48:20"",""00:46,842"",""46"",""00:08,147"",""0,226306"",""226,305557"",""0,135783"",""13"",""7,364674"",""8147"",""46842"""
"12,""11:48:22"",""00:49,032"",""49"",""00:02,190"",""0,060833"",""60,833332"",""0,036500"",""3"",""27,397261"",""2190"",""49032"""
"13,""11:48:23"",""00:50,677"",""50"",""00:01,645"",""0,045694"",""45,694443"",""0,027417"",""2"",""36,474163"",""1645"",""50677"""
"14,""11:49:19"",""01:46,467"",""106"",""00:55,790"",""1,549722"",""1549,722168"",""0,929833"",""92"",""1,075462"",""55790"",""106467"""
"15,""11:49:22"",""01:49,690"",""109"",""00:03,223"",""0,089528"",""89,527779"",""0,053717"",""5"",""18,616196"",""3223"",""109690"""
"16,""11:49:27"",""01:53,972"",""113"",""00:04,282"",""0,118944"",""118,944443"",""0,071367"",""7"",""14,012144"",""4282"",""113972"""
"17,""11:49:29"",""01:55,843"",""115"",""00:01,871"",""0,051972"",""51,972221"",""0,031183"",""3"",""32,068413"",""1871"",""115843"""
"18,""11:49:32"",""01:59,554"",""119"",""00:03,711"",""0,103083"",""103,083336"",""0,061850"",""6"",""16,168148"",""3711"",""119554"""
"19,""11:49:39"",""02:06,553"",""126"",""00:06,999"",""0,194417"",""194,416672"",""0,116650"",""11"",""8,572653"",""6999"",""126553"""
"20,""11:49:42"",""02:08,848"",""128"",""00:02,295"",""0,063750"",""63,750000"",""0,038250"",""3"",""26,143789"",""2295"",""128848"""
"21,""11:49:48"",""02:15,390"",""135"",""00:06,542"",""0,181722"",""181,722229"",""0,109033"",""10"",""9,171507"",""6542"",""135390"""
"22,""11:50:00"",""02:27,647"",""147"",""00:12,257"",""0,340472"",""340,472229"",""0,204283"",""20"",""4,895162"",""12257"",""147647"""
"23,""11:50:03"",""02:30,398"",""150"",""00:02,751"",""0,076417"",""76,416664"",""0,045850"",""4"",""21,810251"",""2751"",""150398"""
"24,""11:50:08"",""02:35,133"",""155"",""00:04,735"",""0,131528"",""131,527771"",""0,078917"",""7"",""12,671595"",""4735"",""155133"""
"25,""11:50:10"",""02:37,412"",""157"",""00:02,279"",""0,063306"",""63,305557"",""0,037983"",""3"",""26,327335"",""2279"",""157412"""
"26,""11:50:16"",""02:42,922"",""162"",""00:05,510"",""0,153056"",""153,055557"",""0,091833"",""9"",""10,889292"",""5510"",""162922"""
"27,""11:50:20"",""02:47,322"",""167"",""00:04,400"",""0,122222"",""122,222221"",""0,073333"",""7"",""13,636363"",""4400"",""167322"""
"28,""11:50:25"",""02:52,188"",""172"",""00:04,866"",""0,135167"",""135,166672"",""0,081100"",""8"",""12,330456"",""4866"",""172188"""
"29,""11:50:47"",""03:14,095"",""194"",""00:21,907"",""0,608528"",""608,527771"",""0,365117"",""36"",""2,738851"",""21907"",""194095"""
"30,""11:50:49"",""03:15,952"",""195"",""00:01,857"",""0,051583"",""51,583332"",""0,030950"",""3"",""32,310177"",""1857"",""195952"""
"31,""11:50:52"",""03:19,044"",""199"",""00:03,092"",""0,085889"",""85,888885"",""0,051533"",""5"",""19,404915"",""3092"",""199044"""
"32,""11:50:53"",""03:20,428"",""200"",""00:01,384"",""0,038444"",""38,444443"",""0,023067"",""2"",""43,352604"",""1384"",""200428"""
"33,""11:50:58"",""03:25,244"",""205"",""00:04,816"",""0,133778"",""133,777771"",""0,080267"",""8"",""12,458471"",""4816"",""205244"""
"34,""11:51:06"",""03:33,332"",""213"",""00:08,088"",""0,224667"",""224,666672"",""0,134800"",""13"",""7,418397"",""8088"",""213332"""
"35,""11:51:09"",""03:36,625"",""216"",""00:03,293"",""0,091472"",""91,472221"",""0,054883"",""5"",""18,220467"",""3293"",""216625"""
"36,""11:51:12"",""03:39,489"",""219"",""00:02,864"",""0,079556"",""79,555557"",""0,047733"",""4"",""20,949720"",""2864"",""219489"""
"37,""11:51:39"",""04:05,810"",""245"",""00:26,321"",""0,731139"",""731,138916"",""0,438683"",""43"",""2,279549"",""26321"",""245810"""
"38,""11:51:40"",""04:07,536"",""247"",""00:01,726"",""0,047944"",""47,944443"",""0,028767"",""2"",""34,762459"",""1726"",""247536"""
"39,""11:51:42"",""04:09,700"",""249"",""00:02,164"",""0,060111"",""60,111111"",""0,036067"",""3"",""27,726433"",""2164"",""249700"""
"40,""11:51:47"",""04:14,355"",""254"",""00:04,655"",""0,129306"",""129,305557"",""0,077583"",""7"",""12,889366"",""4655"",""254355"""
"41,""11:51:49"",""04:16,066"",""256"",""00:01,711"",""0,047528"",""47,527779"",""0,028517"",""2"",""35,067211"",""1711"",""256066"""
"42,""11:52:01"",""04:28,298"",""268"",""00:12,232"",""0,339778"",""339,777771"",""0,203867"",""20"",""4,905167"",""12232"",""268298"""
"43,""11:52:03"",""04:30,304"",""270"",""00:02,006"",""0,055722"",""55,722221"",""0,033433"",""3"",""29,910269"",""2006"",""270304"""
"44,""11:52:07"",""04:34,454"",""274"",""00:04,150"",""0,115278"",""115,277779"",""0,069167"",""6"",""14,457831"",""4150"",""274454"""
"45,""11:52:45"",""05:12,704"",""312"",""00:38,250"",""1,062500"",""1062,500000"",""0,637500"",""63"",""1,568627"",""38250"",""312704"""
"46,""11:52:50"",""05:17,114"",""317"",""00:04,410"",""0,122500"",""122,500000"",""0,073500"",""7"",""13,605442"",""4410"",""317114"""
"47,""11:52:58"",""05:25,302"",""325"",""00:08,188"",""0,227444"",""227,444443"",""0,136467"",""13"",""7,327797"",""8188"",""325302"""
"48,""11:53:14"",""05:41,708"",""341"",""00:16,406"",""0,455722"",""455,722229"",""0,273433"",""27"",""3,657199"",""16406"",""341708"""
"49,""11:53:16"",""05:43,097"",""343"",""00:01,389"",""0,038583"",""38,583332"",""0,023150"",""2"",""43,196545"",""1389"",""343097"""
"50,""11:53:22"",""05:49,025"",""349"",""00:05,928"",""0,164667"",""164,666672"",""0,098800"",""9"",""10,121458"",""5928"",""349025"""
"51,""11:53:25"",""05:52,592"",""352"",""00:03,567"",""0,099083"",""99,083336"",""0,059450"",""5"",""16,820858"",""3567"",""352592"""
"52,""11:53:29"",""05:56,321"",""356"",""00:03,729"",""0,103583"",""103,583336"",""0,062150"",""6"",""16,090105"",""3729"",""356321"""
"53,""11:53:32"",""05:59,676"",""359"",""00:03,355"",""0,093194"",""93,194443"",""0,055917"",""5"",""17,883755"",""3355"",""359676"""
"54,""11:53:34"",""06:01,581"",""361"",""00:01,905"",""0,052917"",""52,916668"",""0,031750"",""3"",""31,496061"",""1905"",""361581"""
"55,""11:53:56"",""06:22,983"",""382"",""00:21,402"",""0,594500"",""594,500000"",""0,356700"",""35"",""2,803476"",""21402"",""382983"""
"56,""11:53:58"",""06:25,438"",""385"",""00:02,455"",""0,068194"",""68,194443"",""0,040917"",""4"",""24,439919"",""2455"",""385438"""
"57,""11:54:01"",""06:28,583"",""388"",""00:03,145"",""0,087361"",""87,361115"",""0,052417"",""5"",""19,077902"",""3145"",""388583"""
"58,""11:54:04"",""06:31,323"",""391"",""00:02,740"",""0,076111"",""76,111115"",""0,045667"",""4"",""21,897810"",""2740"",""391323"""
"59,""11:54:13"",""06:40,536"",""400"",""00:09,213"",""0,255917"",""255,916672"",""0,153550"",""15"",""6,512537"",""9213"",""400536"""
"60,""11:54:20"",""06:47,261"",""407"",""00:06,725"",""0,186806"",""186,805557"",""0,112083"",""11"",""8,921933"",""6725"",""407261"""
"61,""11:54:25"",""06:52,218"",""412"",""00:04,957"",""0,137694"",""137,694443"",""0,082617"",""8"",""12,104095"",""4957"",""412218"""
"62,""11:54:38"",""07:05,445"",""425"",""00:13,227"",""0,367417"",""367,416656"",""0,220450"",""22"",""4,536176"",""13227"",""425445"""
"63,""11:54:41"",""07:08,409"",""428"",""00:02,964"",""0,082333"",""82,333336"",""0,049400"",""4"",""20,242916"",""2964"",""428409"""
"64,""11:54:51"",""07:17,993"",""437"",""00:09,584"",""0,266222"",""266,222229"",""0,159733"",""15"",""6,260434"",""9584"",""437993"""
"65,""11:54:54"",""07:21,638"",""441"",""00:03,645"",""0,101250"",""101,250000"",""0,060750"",""6"",""16,460905"",""3645"",""441638"""
"66,""11:54:57"",""07:24,590"",""444"",""00:02,952"",""0,082000"",""82,000000"",""0,049200"",""4"",""20,325205"",""2952"",""444590"""
"67,""11:54:59"",""07:26,084"",""446"",""00:01,494"",""0,041500"",""41,500000"",""0,024900"",""2"",""40,160645"",""1494"",""446084"""
"68,""11:55:14"",""07:41,370"",""461"",""00:15,286"",""0,424611"",""424,611115"",""0,254767"",""25"",""3,925160"",""15286"",""461370"""
"69,""11:55:24"",""07:51,278"",""471"",""00:09,908"",""0,275222"",""275,222229"",""0,165133"",""16"",""6,055713"",""9908"",""471278"""
"70,""11:55:29"",""07:56,539"",""476"",""00:05,261"",""0,146139"",""146,138885"",""0,087683"",""8"",""11,404675"",""5261"",""476539"""
"71,""11:55:36"",""08:03,462"",""483"",""00:06,923"",""0,192306"",""192,305557"",""0,115383"",""11"",""8,666763"",""6923"",""483462"""
"72,""11:55:52"",""08:19,420"",""499"",""00:15,958"",""0,443278"",""443,277771"",""0,265967"",""26"",""3,759869"",""15958"",""499420"""
"73,""11:55:55"",""08:22,694"",""502"",""00:03,274"",""0,090944"",""90,944443"",""0,054567"",""5"",""18,326206"",""3274"",""502694"""
"74,""11:56:06"",""08:33,573"",""513"",""00:10,879"",""0,302194"",""302,194458"",""0,181317"",""18"",""5,515213"",""10879"",""513573"""
"75,""11:56:24"",""08:51,462"",""531"",""00:17,889"",""0,496917"",""496,916656"",""0,298150"",""29"",""3,354016"",""17889"",""531462"""
"76,""11:56:27"",""08:54,319"",""534"",""00:02,857"",""0,079361"",""79,361115"",""0,047617"",""4"",""21,001049"",""2857"",""534319"""
"77,""11:57:17"",""09:44,072"",""584"",""00:49,753"",""1,382028"",""1382,027832"",""0,829217"",""82"",""1,205957"",""49753"",""584072"""
"78,""11:57:22"",""09:48,919"",""588"",""00:04,847"",""0,134639"",""134,638885"",""0,080783"",""8"",""12,378791"",""4847"",""588919"""
"79,""11:57:25"",""09:52,389"",""592"",""00:03,470"",""0,096389"",""96,388885"",""0,057833"",""5"",""17,291067"",""3470"",""592389"""
"80,""11:57:36"",""10:02,853"",""602"",""00:10,464"",""0,290667"",""290,666656"",""0,174400"",""17"",""5,733945"",""10464"",""602853"""
"81,""11:57:39"",""10:06,582"",""606"",""00:03,729"",""0,103583"",""103,583336"",""0,062150"",""6"",""16,090105"",""3729"",""606582"""
"82,""11:57:47"",""10:14,188"",""614"",""00:07,606"",""0,211278"",""211,277771"",""0,126767"",""12"",""7,888509"",""7606"",""614188"""
"83,""11:57:49"",""10:15,767"",""615"",""00:01,579"",""0,043861"",""43,861111"",""0,026317"",""2"",""37,998734"",""1579"",""615767"""
"84,""11:57:51"",""10:17,917"",""617"",""00:02,150"",""0,059722"",""59,722221"",""0,035833"",""3"",""27,906975"",""2150"",""617917"""
"85,""11:57:53"",""10:20,639"",""620"",""00:02,722"",""0,075611"",""75,611115"",""0,045367"",""4"",""22,042618"",""2722"",""620639"""
"86,""11:57:57"",""10:24,286"",""624"",""00:03,647"",""0,101306"",""101,305557"",""0,060783"",""6"",""16,451878"",""3647"",""624286"""
"87,""11:58:01"",""10:28,309"",""628"",""00:04,023"",""0,111750"",""111,750000"",""0,067050"",""6"",""14,914245"",""4023"",""628309"""
"88,""11:58:06"",""10:33,210"",""633"",""00:04,901"",""0,136139"",""136,138885"",""0,081683"",""8"",""12,242400"",""4901"",""633210"""
"89,""11:58:11"",""10:37,969"",""637"",""00:04,759"",""0,132194"",""132,194443"",""0,079317"",""7"",""12,607692"",""4759"",""637969"""
"90,""11:58:27"",""10:54,112"",""654"",""00:16,143"",""0,448417"",""448,416656"",""0,269050"",""26"",""3,716781"",""16143"",""654112"""
"91,""11:58:30"",""10:56,768"",""656"",""00:02,656"",""0,073778"",""73,777779"",""0,044267"",""4"",""22,590363"",""2656"",""656768"""
"92,""11:58:32"",""10:59,653"",""659"",""00:02,885"",""0,080139"",""80,138885"",""0,048083"",""4"",""20,797228"",""2885"",""659653"""
"93,""11:58:33"",""11:00,292"",""660"",""00:00,639"",""0,017750"",""17,750000"",""0,010650"",""1"",""93,896721"",""639"",""660292"""
"94,""11:58:36"",""11:03,270"",""663"",""00:02,978"",""0,082722"",""82,722221"",""0,049633"",""4"",""20,147751"",""2978"",""663270"""
"95,""11:58:40"",""11:07,702"",""667"",""00:04,432"",""0,123111"",""123,111115"",""0,073867"",""7"",""13,537905"",""4432"",""667702"""
"96,""11:58:43"",""11:10,571"",""670"",""00:02,869"",""0,079694"",""79,694443"",""0,047817"",""4"",""20,913210"",""2869"",""670571"""
"97,""11:58:45"",""11:11,839"",""671"",""00:01,268"",""0,035222"",""35,222221"",""0,021133"",""2"",""47,318611"",""1268"",""671839"""
"98,""11:59:08"",""11:35,626"",""695"",""00:23,787"",""0,660750"",""660,750000"",""0,396450"",""39"",""2,522386"",""23787"",""695626"""
"99,""11:59:24"",""11:51,444"",""711"",""00:15,818"",""0,439389"",""439,388885"",""0,263633"",""26"",""3,793147"",""15818"",""711444"""
"100,""11:59:27"",""11:54,425"",""714"",""00:02,981"",""0,082806"",""82,805557"",""0,049683"",""4"",""20,127474"",""2981"",""714425"""
"101,""11:59:30"",""11:56,951"",""716"",""00:02,526"",""0,070167"",""70,166664"",""0,042100"",""4"",""23,752968"",""2526"",""716951"""
"102,""11:59:50"",""12:17,490"",""737"",""00:20,539"",""0,570528"",""570,527771"",""0,342317"",""34"",""2,921272"",""20539"",""737490"""
"103,""12:00:18"",""12:45,502"",""765"",""00:28,012"",""0,778111"",""778,111084"",""0,466867"",""46"",""2,141939"",""28012"",""765502"""
"104,""12:00:20"",""12:47,212"",""767"",""00:01,710"",""0,047500"",""47,500000"",""0,028500"",""2"",""35,087719"",""1710"",""767212"""
"105,""12:00:48"",""13:15,503"",""795"",""00:28,291"",""0,785861"",""785,861084"",""0,471517"",""47"",""2,120816"",""28291"",""795503"""
"106,""12:00:56"",""13:23,352"",""803"",""00:07,849"",""0,218028"",""218,027771"",""0,130817"",""13"",""7,644286"",""7849"",""803352"""
"107,""12:00:58"",""13:25,648"",""805"",""00:02,296"",""0,063778"",""63,777779"",""0,038267"",""3"",""26,132404"",""2296"",""805648"""
"108,""12:01:10"",""13:37,313"",""817"",""00:11,665"",""0,324028"",""324,027771"",""0,194417"",""19"",""5,143592"",""11665"",""817313"""
"109,""12:01:14"",""13:41,141"",""821"",""00:03,828"",""0,106333"",""106,333336"",""0,063800"",""6"",""15,673982"",""3828"",""821141"""
"110,""12:01:16"",""13:43,242"",""823"",""00:02,101"",""0,058361"",""58,361111"",""0,035017"",""3"",""28,557829"",""2101"",""823242"""
"111,""12:01:18"",""13:45,410"",""825"",""00:02,168"",""0,060222"",""60,222221"",""0,036133"",""3"",""27,675276"",""2168"",""825410"""
"112,""12:01:21"",""13:47,836"",""827"",""00:02,426"",""0,067389"",""67,388885"",""0,040433"",""4"",""24,732067"",""2426"",""827836"""
"113,""12:01:44"",""14:10,856"",""850"",""00:23,020"",""0,639444"",""639,444458"",""0,383667"",""38"",""2,606429"",""23020"",""850856"""
"114,""12:01:46"",""14:13,343"",""853"",""00:02,487"",""0,069083"",""69,083336"",""0,041450"",""4"",""24,125452"",""2487"",""853343"""
"115,""12:01:49"",""14:16,277"",""856"",""00:02,934"",""0,081500"",""81,500000"",""0,048900"",""4"",""20,449898"",""2934"",""856277"""
"116,""12:01:54"",""14:21,459"",""861"",""00:05,182"",""0,143944"",""143,944443"",""0,086367"",""8"",""11,578541"",""5182"",""861459"""
"117,""12:01:57"",""14:24,554"",""864"",""00:03,095"",""0,085972"",""85,972221"",""0,051583"",""5"",""19,386106"",""3095"",""864554"""
"118,""12:02:01"",""14:28,252"",""868"",""00:03,698"",""0,102722"",""102,722221"",""0,061633"",""6"",""16,224987"",""3698"",""868252"""
"119,""12:02:05"",""14:32,505"",""872"",""00:04,253"",""0,118139"",""118,138885"",""0,070883"",""7"",""14,107690"",""4253"",""872505"""
"120,""12:02:07"",""14:34,510"",""874"",""00:02,005"",""0,055694"",""55,694443"",""0,033417"",""3"",""29,925184"",""2005"",""874510"""
"121,""12:02:11"",""14:38,288"",""878"",""00:03,778"",""0,104944"",""104,944443"",""0,062967"",""6"",""15,881418"",""3778"",""878288"""
"122,""12:02:14"",""14:40,770"",""880"",""00:02,482"",""0,068944"",""68,944443"",""0,041367"",""4"",""24,174051"",""2482"",""880770"""
"123,""12:02:15"",""14:42,086"",""882"",""00:01,316"",""0,036556"",""36,555557"",""0,021933"",""2"",""45,592705"",""1316"",""882086"""
"124,""12:02:19"",""14:45,996"",""885"",""00:03,910"",""0,108611"",""108,611115"",""0,065167"",""6"",""15,345268"",""3910"",""885996"""
"125,""12:03:42"",""16:09,193"",""969"",""01:23,197"",""2,311028"",""2311,027832"",""1,386617"",""138"",""0,721180"",""83197"",""969193"""
"126,""12:04:03"",""16:29,996"",""989"",""00:20,803"",""0,577861"",""577,861084"",""0,346717"",""34"",""2,884199"",""20803"",""989996"""
"127,""12:04:04"",""16:31,742"",""991"",""00:01,746"",""0,048500"",""48,500000"",""0,029100"",""2"",""34,364262"",""1746"",""991742"""
"128,""12:04:07"",""16:34,640"",""994"",""00:02,898"",""0,080500"",""80,500000"",""0,048300"",""4"",""20,703934"",""2898"",""994640"""
"129,""12:04:11"",""16:37,867"",""997"",""00:03,227"",""0,089639"",""89,638885"",""0,053783"",""5"",""18,593121"",""3227"",""997867"""
"130,""12:04:15"",""16:41,891"",""1001"",""00:04,024"",""0,111778"",""111,777779"",""0,067067"",""6"",""14,910536"",""4024"",""1001891"""
"131,""12:04:18"",""16:45,136"",""1005"",""00:03,245"",""0,090139"",""90,138885"",""0,054083"",""5"",""18,489985"",""3245"",""1005136"""
"132,""12:04:21"",""16:48,340"",""1008"",""00:03,204"",""0,089000"",""89,000000"",""0,053400"",""5"",""18,726593"",""3204"",""1008340"""
"133,""12:04:23"",""16:50,702"",""1010"",""00:02,362"",""0,065611"",""65,611115"",""0,039367"",""3"",""25,402203"",""2362"",""1010702"""
"134,""12:04:28"",""16:55,691"",""1015"",""00:04,989"",""0,138583"",""138,583328"",""0,083150"",""8"",""12,026459"",""4989"",""1015691"""
"135,""12:04:31"",""16:58,359"",""1018"",""00:02,668"",""0,074111"",""74,111115"",""0,044467"",""4"",""22,488756"",""2668"",""1018359"""
"136,""12:04:35"",""17:01,980"",""1021"",""00:03,621"",""0,100583"",""100,583336"",""0,060350"",""6"",""16,570007"",""3621"",""1021980"""
"137,""12:05:02"",""17:28,938"",""1048"",""00:26,958"",""0,748833"",""748,833313"",""0,449300"",""44"",""2,225684"",""26958"",""1048938"""
"138,""12:05:05"",""17:32,571"",""1052"",""00:03,633"",""0,100917"",""100,916664"",""0,060550"",""6"",""16,515278"",""3633"",""1052571"""
"139,""12:05:14"",""17:41,467"",""1061"",""00:08,896"",""0,247111"",""247,111115"",""0,148267"",""14"",""6,744605"",""8896"",""1061467"""
"140,""12:05:18"",""17:44,855"",""1064"",""00:03,388"",""0,094111"",""94,111115"",""0,056467"",""5"",""17,709564"",""3388"",""1064855"""
"141,""12:05:20"",""17:47,219"",""1067"",""00:02,364"",""0,065667"",""65,666664"",""0,039400"",""3"",""25,380711"",""2364"",""1067219"""
"142,""12:05:23"",""17:50,706"",""1070"",""00:03,487"",""0,096861"",""96,861115"",""0,058117"",""5"",""17,206768"",""3487"",""1070706"""
"143,""12:05:28"",""17:54,956"",""1074"",""00:04,250"",""0,118056"",""118,055557"",""0,070833"",""7"",""14,117647"",""4250"",""1074956"""
"144,""12:05:30"",""17:57,007"",""1077"",""00:02,051"",""0,056972"",""56,972221"",""0,034183"",""3"",""29,254021"",""2051"",""1077007"""
"145,""12:05:38"",""18:05,546"",""1085"",""00:08,539"",""0,237194"",""237,194443"",""0,142317"",""14"",""7,026585"",""8539"",""1085546"""
"146,""12:05:42"",""18:08,789"",""1088"",""00:03,243"",""0,090083"",""90,083336"",""0,054050"",""5"",""18,501387"",""3243"",""1088789"""
"147,""12:05:44"",""18:11,249"",""1091"",""00:02,460"",""0,068333"",""68,333336"",""0,041000"",""4"",""24,390244"",""2460"",""1091249"""
"148,""12:05:47"",""18:14,444"",""1094"",""00:03,195"",""0,088750"",""88,750000"",""0,053250"",""5"",""18,779343"",""3195"",""1094444"""
"149,""12:06:11"",""18:38,735"",""1118"",""00:24,291"",""0,674750"",""674,750000"",""0,404850"",""40"",""2,470051"",""24291"",""1118735"""
"150,""12:06:16"",""18:43,507"",""1123"",""00:04,772"",""0,132556"",""132,555557"",""0,079533"",""7"",""12,573345"",""4772"",""1123507"""
"151,""12:06:19"",""18:46,080"",""1126"",""00:02,573"",""0,071472"",""71,472221"",""0,042883"",""4"",""23,319082"",""2573"",""1126080"""
"152,""12:06:21"",""18:48,134"",""1128"",""00:02,054"",""0,057056"",""57,055557"",""0,034233"",""3"",""29,211296"",""2054"",""1128134"""
"153,""12:06:24"",""18:50,969"",""1130"",""00:02,835"",""0,078750"",""78,750000"",""0,047250"",""4"",""21,164022"",""2835"",""1130969"""
"154,""12:06:25"",""18:52,046"",""1132"",""00:01,077"",""0,029917"",""29,916666"",""0,017950"",""1"",""55,710304"",""1077"",""1132046"""
"155,""12:06:29"",""18:56,492"",""1136"",""00:04,446"",""0,123500"",""123,500000"",""0,074100"",""7"",""13,495276"",""4446"",""1136492"""
"156,""12:06:38"",""19:05,266"",""1145"",""00:08,774"",""0,243722"",""243,722229"",""0,146233"",""14"",""6,838386"",""8774"",""1145266"""
"157,""12:07:10"",""19:37,034"",""1177"",""00:31,768"",""0,882444"",""882,444458"",""0,529467"",""52"",""1,888693"",""31768"",""1177034"""
"158,""12:07:12"",""19:39,206"",""1179"",""00:02,172"",""0,060333"",""60,333332"",""0,036200"",""3"",""27,624311"",""2172"",""1179206"""
"159,""12:07:27"",""19:54,225"",""1194"",""00:15,019"",""0,417194"",""417,194458"",""0,250317"",""25"",""3,994940"",""15019"",""1194225"""
"160,""12:07:38"",""20:05,497"",""1205"",""00:11,272"",""0,313111"",""313,111115"",""0,187867"",""18"",""5,322924"",""11272"",""1205497"""
"161,""12:07:41"",""20:08,152"",""1208"",""00:02,655"",""0,073750"",""73,750000"",""0,044250"",""4"",""22,598869"",""2655"",""1208152"""
"162,""12:08:19"",""20:46,236"",""1246"",""00:38,084"",""1,057889"",""1057,888916"",""0,634733"",""63"",""1,575465"",""38084"",""1246236"""
"163,""12:08:24"",""20:51,678"",""1251"",""00:05,442"",""0,151167"",""151,166672"",""0,090700"",""9"",""11,025358"",""5442"",""1251678"""
"164,""12:08:32"",""20:59,624"",""1259"",""00:07,946"",""0,220722"",""220,722229"",""0,132433"",""13"",""7,550969"",""7946"",""1259624"""
"165,""12:08:36"",""21:02,749"",""1262"",""00:03,125"",""0,086806"",""86,805557"",""0,052083"",""5"",""19,200001"",""3125"",""1262749"""
"166,""12:08:55"",""21:22,062"",""1282"",""00:19,313"",""0,536472"",""536,472229"",""0,321883"",""32"",""3,106716"",""19313"",""1282062"""
"167,""12:08:57"",""21:24,000"",""1284"",""00:01,938"",""0,053833"",""53,833332"",""0,032300"",""3"",""30,959753"",""1938"",""1284000"""
"168,""12:08:59"",""21:26,266"",""1286"",""00:02,266"",""0,062944"",""62,944443"",""0,037767"",""3"",""26,478374"",""2266"",""1286266"""
"169,""12:09:03"",""21:30,110"",""1290"",""00:03,844"",""0,106778"",""106,777779"",""0,064067"",""6"",""15,608740"",""3844"",""1290110"""
"170,""12:09:15"",""21:41,771"",""1301"",""00:11,661"",""0,323917"",""323,916656"",""0,194350"",""19"",""5,145356"",""11661"",""1301771"""
"171,""12:09:17"",""21:43,970"",""1303"",""00:02,199"",""0,061083"",""61,083332"",""0,036650"",""3"",""27,285131"",""2199"",""1303970"""
"172,""12:09:25"",""21:51,837"",""1311"",""00:07,867"",""0,218528"",""218,527771"",""0,131117"",""13"",""7,626795"",""7867"",""1311837"""
"173,""12:09:34"",""22:00,960"",""1320"",""00:09,123"",""0,253417"",""253,416672"",""0,152050"",""15"",""6,576784"",""9123"",""1320960"""
"174,""12:10:28"",""22:55,730"",""1375"",""00:54,770"",""1,521389"",""1521,388916"",""0,912833"",""91"",""1,095490"",""54770"",""1375730"""
"175,""12:11:39"",""24:06,509"",""1446"",""01:10,779"",""1,966083"",""1966,083374"",""1,179650"",""117"",""0,847709"",""70779"",""1446509"""
"176,""12:11:44"",""24:11,608"",""1451"",""00:05,099"",""0,141639"",""141,638885"",""0,084983"",""8"",""11,767013"",""5099"",""1451608"""
"177,""12:11:48"",""24:15,257"",""1455"",""00:03,649"",""0,101361"",""101,361115"",""0,060817"",""6"",""16,442862"",""3649"",""1455257"""
"178,""12:11:51"",""24:18,010"",""1458"",""00:02,753"",""0,076472"",""76,472221"",""0,045883"",""4"",""21,794405"",""2753"",""1458010"""
"179,""12:11:56"",""24:23,665"",""1463"",""00:05,655"",""0,157083"",""157,083328"",""0,094250"",""9"",""10,610080"",""5655"",""1463665"""
"180,""12:11:59"",""24:26,340"",""1466"",""00:02,675"",""0,074306"",""74,305557"",""0,044583"",""4"",""22,429907"",""2675"",""1466340"""
"181,""12:12:03"",""24:30,197"",""1470"",""00:03,857"",""0,107139"",""107,138885"",""0,064283"",""6"",""15,556131"",""3857"",""1470197"""
"182,""12:12:04"",""24:31,466"",""1471"",""00:01,269"",""0,035250"",""35,250000"",""0,021150"",""2"",""47,281322"",""1269"",""1471466"""
"183,""12:12:34"",""25:01,229"",""1501"",""00:29,763"",""0,826750"",""826,750000"",""0,496050"",""49"",""2,015926"",""29763"",""1501229"""
"184,""12:12:52"",""25:19,375"",""1519"",""00:18,146"",""0,504056"",""504,055542"",""0,302433"",""30"",""3,306514"",""18146"",""1519375"""
"185,""12:13:24"",""25:51,727"",""1551"",""00:32,352"",""0,898667"",""898,666687"",""0,539200"",""53"",""1,854599"",""32352"",""1551727"""
"186,""12:13:26"",""25:52,769"",""1552"",""00:01,042"",""0,028944"",""28,944445"",""0,017367"",""1"",""57,581570"",""1042"",""1552769"""
"187,""12:13:29"",""25:56,368"",""1556"",""00:03,599"",""0,099972"",""99,972221"",""0,059983"",""5"",""16,671299"",""3599"",""1556368"""
"188,""12:13:31"",""25:58,291"",""1558"",""00:01,923"",""0,053417"",""53,416668"",""0,032050"",""3"",""31,201250"",""1923"",""1558291"""
"189,""12:13:39"",""26:06,699"",""1566"",""00:08,408"",""0,233556"",""233,555557"",""0,140133"",""14"",""7,136061"",""8408"",""1566699"""
"190,""12:13:51"",""26:18,342"",""1578"",""00:11,643"",""0,323417"",""323,416656"",""0,194050"",""19"",""5,153311"",""11643"",""1578342"""
"191,""12:13:52"",""26:19,255"",""1579"",""00:00,913"",""0,025361"",""25,361111"",""0,015217"",""1"",""65,717415"",""913"",""1579255"""
"192,""12:13:56"",""26:23,232"",""1583"",""00:03,977"",""0,110472"",""110,472221"",""0,066283"",""6"",""15,086749"",""3977"",""1583232"""
"193,""12:14:08"",""26:34,943"",""1594"",""00:11,711"",""0,325306"",""325,305542"",""0,195183"",""19"",""5,123388"",""11711"",""1594943"""
"194,""12:14:13"",""26:40,561"",""1600"",""00:05,618"",""0,156056"",""156,055557"",""0,093633"",""9"",""10,679957"",""5618"",""1600561"""
"195,""12:14:16"",""26:42,809"",""1602"",""00:02,248"",""0,062444"",""62,444443"",""0,037467"",""3"",""26,690393"",""2248"",""1602809"""
"196,""12:14:19"",""26:46,487"",""1606"",""00:03,678"",""0,102167"",""102,166664"",""0,061300"",""6"",""16,313213"",""3678"",""1606487"""
"197,""12:14:21"",""26:48,018"",""1608"",""00:01,531"",""0,042528"",""42,527779"",""0,025517"",""2"",""39,190071"",""1531"",""1608018"""
"198,""12:14:22"",""26:49,388"",""1609"",""00:01,370"",""0,038056"",""38,055557"",""0,022833"",""2"",""43,795620"",""1370"",""1609388"""
"199,""12:14:25"",""26:52,154"",""1612"",""00:02,766"",""0,076833"",""76,833336"",""0,046100"",""4"",""21,691973"",""2766"",""1612154"""
"200,""12:14:29"",""26:55,833"",""1615"",""00:03,679"",""0,102194"",""102,194443"",""0,061317"",""6"",""16,308781"",""3679"",""1615833"""
"201,""12:15:01"",""27:28,378"",""1648"",""00:32,545"",""0,904028"",""904,027771"",""0,542417"",""54"",""1,843601"",""32545"",""1648378"""
"202,""12:15:03"",""27:30,496"",""1650"",""00:02,118"",""0,058833"",""58,833332"",""0,035300"",""3"",""28,328611"",""2118"",""1650496"""
"203,""12:16:01"",""28:28,072"",""1708"",""00:57,576"",""1,599333"",""1599,333374"",""0,959600"",""95"",""1,042101"",""57576"",""1708072"""
"204,""12:16:17"",""28:44,607"",""1724"",""00:16,535"",""0,459306"",""459,305542"",""0,275583"",""27"",""3,628667"",""16535"",""1724607"""
"205,""12:16:30"",""28:57,475"",""1737"",""00:12,868"",""0,357444"",""357,444458"",""0,214467"",""21"",""4,662729"",""12868"",""1737475"""
"206,""12:16:58"",""29:25,397"",""1765"",""00:27,922"",""0,775611"",""775,611084"",""0,465367"",""46"",""2,148843"",""27922"",""1765397"""
"207,""12:17:21"",""29:47,876"",""1787"",""00:22,479"",""0,624417"",""624,416687"",""0,374650"",""37"",""2,669158"",""22479"",""1787876"""
"208,""12:17:23"",""29:50,466"",""1790"",""00:02,590"",""0,071944"",""71,944443"",""0,043167"",""4"",""23,166025"",""2590"",""1790466"""
"209,""12:17:24"",""29:51,444"",""1791"",""00:00,978"",""0,027167"",""27,166666"",""0,016300"",""1"",""61,349693"",""978"",""1791444"""
"210,""12:17:27"",""29:53,930"",""1793"",""00:02,486"",""0,069056"",""69,055557"",""0,041433"",""4"",""24,135157"",""2486"",""1793930"""
"211,""12:17:28"",""29:55,449"",""1795"",""00:01,519"",""0,042194"",""42,194443"",""0,025317"",""2"",""39,499672"",""1519"",""1795449"""
"212,""12:17:34"",""30:01,527"",""1801"",""00:06,078"",""0,168833"",""168,833328"",""0,101300"",""10"",""9,871668"",""6078"",""1801527"""
