"Time Study from ","2020-11-20 12:38:16"
"Statistic values","Lap time","IM","TMU","DM","HM","CYCLE"
"Averages","00:04,353","0,12","0,07","6","121","23"
"Min values","00:00,749","0,02","0,01","1","21","1"
"Min values","00:45,895","1,27","0,76","76","1275","80"
"Lap No","Time","Total time","Seconds consecutive","Lap time","IMa","TMU","DMa","HM","CYCLE","LONG_LAP_UPDATED_TIME (can be deleted by user)","LONG_UPDATED_TIME (can be deleted by user)"
"1","12:07:59","00:03,226","3","00:03,226","0,089611","89,611115","0,053767","5","18,598885","3226","3226"
"2","12:08:01","00:05,372","5","00:02,146","0,059611","59,611111","0,035767","3","27,958994","2146","5372"
"3","12:08:07","00:11,620","11","00:06,248","0,173556","173,555557","0,104133","10","9,603072","6248","11620"
"4","12:08:09","00:13,070","13","00:01,450","0,040278","40,277779","0,024167","2","41,379307","1450","13070"
"5","12:08:10","00:14,936","14","00:01,866","0,051833","51,833332","0,031100","3","32,154339","1866","14936"
"6","12:08:11","00:15,839","15","00:00,903","0,025083","25,083334","0,015050","1","66,445183","903","15839"
"7","12:08:20","00:24,598","24","00:08,759","0,243306","243,305557","0,145983","14","6,850098","8759","24598"
"8","12:08:22","00:26,848","26","00:02,250","0,062500","62,500000","0,037500","3","26,666666","2250","26848"
"9","12:08:24","00:28,812","28","00:01,964","0,054556","54,555557","0,032733","3","30,549898","1964","28812"
"10","12:08:27","00:31,078","31","00:02,266","0,062944","62,944443","0,037767","3","26,478374","2266","31078"
"11","12:08:28","00:32,161","32","00:01,083","0,030083","30,083334","0,018050","1","55,401669","1083","32161"
"12","12:08:30","00:34,127","34","00:01,966","0,054611","54,611111","0,032767","3","30,518820","1966","34127"
"13","12:08:33","00:37,359","37","00:03,232","0,089778","89,777779","0,053867","5","18,564356","3232","37359"
"14","12:08:35","00:39,842","39","00:02,483","0,068972","68,972221","0,041383","4","24,164318","2483","39842"
"15","12:08:40","00:44,472","44","00:04,630","0,128611","128,611115","0,077167","7","12,958962","4630","44472"
"16","12:08:44","00:48,171","48","00:03,699","0,102750","102,750000","0,061650","6","16,220600","3699","48171"
"17","12:08:46","00:50,537","50","00:02,366","0,065722","65,722221","0,039433","3","25,359255","2366","50537"
"18","12:09:11","01:16,025","76","00:25,488","0,708000","708,000000","0,424800","42","2,354049","25488","76025"
"19","12:09:15","01:19,206","79","00:03,181","0,088361","88,361115","0,053017","5","18,861994","3181","79206"
"20","12:09:16","01:20,906","80","00:01,700","0,047222","47,222221","0,028333","2","35,294117","1700","80906"
"21","12:09:22","01:26,242","86","00:05,336","0,148222","148,222229","0,088933","8","11,244378","5336","86242"
"22","12:09:25","01:29,185","89","00:02,943","0,081750","81,750000","0,049050","4","20,387360","2943","89185"
"23","12:09:29","01:33,750","93","00:04,565","0,126806","126,805557","0,076083","7","13,143483","4565","93750"
"24","12:09:32","01:36,415","96","00:02,665","0,074028","74,027779","0,044417","4","22,514072","2665","96415"
"25","12:09:36","01:40,198","100","00:03,783","0,105083","105,083336","0,063050","6","15,860428","3783","100198"
"26","12:09:39","01:43,201","103","00:03,003","0,083417","83,416664","0,050050","5","19,980019","3003","103201"
"27","12:09:49","01:53,541","113","00:10,340","0,287222","287,222229","0,172333","17","5,802708","10340","113541"
"28","12:09:51","01:55,907","115","00:02,366","0,065722","65,722221","0,039433","3","25,359255","2366","115907"
"29","12:09:54","01:58,572","118","00:02,665","0,074028","74,027779","0,044417","4","22,514072","2665","118572"
"30","12:09:56","02:00,523","120","00:01,951","0,054194","54,194443","0,032517","3","30,753460","1951","120523"
"31","12:09:57","02:01,639","121","00:01,116","0,031000","31,000000","0,018600","1","53,763439","1116","121639"
"32","12:10:03","02:07,486","127","00:05,847","0,162417","162,416672","0,097450","9","10,261672","5847","127486"
"33","12:10:10","02:14,998","134","00:07,512","0,208667","208,666672","0,125200","12","7,987220","7512","134998"
"34","12:10:13","02:17,148","137","00:02,150","0,059722","59,722221","0,035833","3","27,906975","2150","137148"
"35","12:10:14","02:18,096","138","00:00,948","0,026333","26,333334","0,015800","1","63,291134","948","138096"
"36","12:10:23","02:27,026","147","00:08,930","0,248056","248,055557","0,148833","14","6,718925","8930","147026"
"37","12:10:25","02:29,624","149","00:02,598","0,072167","72,166664","0,043300","4","23,094688","2598","149624"
"38","12:10:27","02:31,224","151","00:01,600","0,044444","44,444443","0,026667","2","37,500000","1600","151224"
"39","12:10:28","02:32,390","152","00:01,166","0,032389","32,388889","0,019433","1","51,457977","1166","152390"
"40","12:10:51","02:55,146","175","00:22,756","0,632111","632,111084","0,379267","37","2,636667","22756","175146"
"41","12:10:54","02:58,261","178","00:03,115","0,086528","86,527779","0,051917","5","19,261637","3115","178261"
"42","12:10:56","03:00,677","180","00:02,416","0,067111","67,111115","0,040267","4","24,834436","2416","180677"
"43","12:10:58","03:02,609","182","00:01,932","0,053667","53,666668","0,032200","3","31,055899","1932","182609"
"44","12:11:01","03:05,475","185","00:02,866","0,079611","79,611115","0,047767","4","20,935101","2866","185475"
"45","12:11:06","03:10,956","190","00:05,481","0,152250","152,250000","0,091350","9","10,946908","5481","190956"
"46","12:11:15","03:19,419","199","00:08,463","0,235083","235,083328","0,141050","14","7,089684","8463","199419"
"47","12:11:19","03:23,601","203","00:04,182","0,116167","116,166664","0,069700","6","14,347201","4182","203601"
"48","12:11:29","03:33,395","213","00:09,794","0,272056","272,055542","0,163233","16","6,126200","9794","213395"
"49","12:11:32","03:36,728","216","00:03,333","0,092583","92,583336","0,055550","5","18,001801","3333","216728"
"50","12:11:36","03:41,009","221","00:04,281","0,118917","118,916664","0,071350","7","14,015417","4281","221009"
"51","12:11:39","03:43,807","223","00:02,798","0,077722","77,722221","0,046633","4","21,443888","2798","223807"
"52","12:11:44","03:48,888","228","00:05,081","0,141139","141,138885","0,084683","8","11,808700","5081","228888"
"53","12:11:48","03:52,270","232","00:03,382","0,093944","93,944443","0,056367","5","17,740982","3382","232270"
"54","12:11:51","03:55,535","235","00:03,265","0,090694","90,694443","0,054417","5","18,376722","3265","235535"
"55","12:11:53","03:57,867","237","00:02,332","0,064778","64,777779","0,038867","3","25,728989","2332","237867"
"56","12:11:56","04:00,517","240","00:02,650","0,073611","73,611115","0,044167","4","22,641508","2650","240517"
"57","12:12:01","04:05,031","245","00:04,514","0,125389","125,388885","0,075233","7","13,291981","4514","245031"
"58","12:12:15","04:19,208","259","00:14,177","0,393806","393,805542","0,236283","23","4,232207","14177","259208"
"59","12:12:20","04:24,889","264","00:05,681","0,157806","157,805557","0,094683","9","10,561521","5681","264889"
"60","12:12:29","04:33,320","273","00:08,431","0,234194","234,194443","0,140517","14","7,116593","8431","273320"
"61","12:12:35","04:39,117","279","00:05,797","0,161028","161,027771","0,096617","9","10,350182","5797","279117"
"62","12:12:45","04:49,228","289","00:10,111","0,280861","280,861115","0,168517","16","5,934131","10111","289228"
"63","12:12:51","04:55,875","295","00:06,647","0,184639","184,638885","0,110783","11","9,026628","6647","295875"
"64","12:12:54","04:58,858","298","00:02,983","0,082861","82,861115","0,049717","4","20,113979","2983","298858"
"65","12:12:58","05:02,232","302","00:03,374","0,093722","93,722221","0,056233","5","17,783047","3374","302232"
"66","12:13:01","05:05,054","305","00:02,822","0,078389","78,388885","0,047033","4","21,261517","2822","305054"
"67","12:13:05","05:09,119","309","00:04,065","0,112917","112,916664","0,067750","6","14,760148","4065","309119"
"68","12:13:11","05:15,166","315","00:06,047","0,167972","167,972229","0,100783","10","9,922276","6047","315166"
"69","12:13:13","05:17,215","317","00:02,049","0,056917","56,916668","0,034150","3","29,282576","2049","317215"
"70","12:13:15","05:19,148","319","00:01,933","0,053694","53,694443","0,032217","3","31,039837","1933","319148"
"71","12:13:19","05:23,314","323","00:04,166","0,115722","115,722221","0,069433","6","14,402305","4166","323314"
"72","12:13:23","05:27,912","327","00:04,598","0,127722","127,722221","0,076633","7","13,049151","4598","327912"
"73","12:13:25","05:29,811","329","00:01,899","0,052750","52,750000","0,031650","3","31,595577","1899","329811"
"74","12:13:29","05:33,525","333","00:03,714","0,103167","103,166664","0,061900","6","16,155088","3714","333525"
"75","12:13:31","05:35,873","335","00:02,348","0,065222","65,222221","0,039133","3","25,553663","2348","335873"
"76","12:13:35","05:39,588","339","00:03,715","0,103194","103,194443","0,061917","6","16,150742","3715","339588"
"77","12:13:41","05:45,686","345","00:06,098","0,169389","169,388885","0,101633","10","9,839292","6098","345686"
"78","12:13:47","05:51,249","351","00:05,563","0,154528","154,527771","0,092717","9","10,785547","5563","351249"
"79","12:13:53","05:57,097","357","00:05,848","0,162444","162,444443","0,097467","9","10,259917","5848","357097"
"80","12:13:55","05:59,065","359","00:01,968","0,054667","54,666668","0,032800","3","30,487804","1968","359065"
"81","12:13:57","06:01,545","361","00:02,480","0,068889","68,888885","0,041333","4","24,193548","2480","361545"
"82","12:14:01","06:05,677","365","00:04,132","0,114778","114,777779","0,068867","6","14,520814","4132","365677"
"83","12:14:03","06:07,376","367","00:01,699","0,047194","47,194443","0,028317","2","35,314892","1699","367376"
"84","12:14:06","06:10,724","370","00:03,348","0,093000","93,000000","0,055800","5","17,921146","3348","370724"
"85","12:14:09","06:13,075","373","00:02,351","0,065306","65,305557","0,039183","3","25,521055","2351","373075"
"86","12:14:11","06:15,890","375","00:02,815","0,078194","78,194443","0,046917","4","21,314386","2815","375890"
"87","12:14:14","06:18,554","378","00:02,664","0,074000","74,000000","0,044400","4","22,522524","2664","378554"
"88","12:14:16","06:20,903","380","00:02,349","0,065250","65,250000","0,039150","3","25,542784","2349","380903"
"89","12:14:18","06:22,853","382","00:01,950","0,054167","54,166668","0,032500","3","30,769228","1950","382853"
"90","12:14:20","06:24,219","384","00:01,366","0,037944","37,944443","0,022767","2","43,923862","1366","384219"
"91","12:14:23","06:27,217","387","00:02,998","0,083278","83,277779","0,049967","4","20,013342","2998","387217"
"92","12:14:28","06:32,932","392","00:05,715","0,158750","158,750000","0,095250","9","10,498688","5715","392932"
"93","12:14:31","06:35,780","395","00:02,848","0,079111","79,111115","0,047467","4","21,067415","2848","395780"
"94","12:14:35","06:39,196","399","00:03,416","0,094889","94,888885","0,056933","5","17,564404","3416","399196"
"95","12:14:38","06:42,343","402","00:03,147","0,087417","87,416664","0,052450","5","19,065777","3147","402343"
"96","12:14:41","06:45,492","405","00:03,149","0,087472","87,472221","0,052483","5","19,053669","3149","405492"
"97","12:14:47","06:51,589","411","00:06,097","0,169361","169,361115","0,101617","10","9,840905","6097","411589"
"98","12:14:59","07:03,218","423","00:11,629","0,323028","323,027771","0,193817","19","5,159515","11629","423218"
"99","12:15:03","07:07,815","427","00:04,597","0,127694","127,694443","0,076617","7","13,051991","4597","427815"
"100","12:15:06","07:10,647","430","00:02,832","0,078667","78,666664","0,047200","4","21,186440","2832","430647"
"101","12:15:08","07:12,246","432","00:01,599","0,044417","44,416668","0,026650","2","37,523453","1599","432246"
"102","12:15:13","07:17,877","437","00:05,631","0,156417","156,416672","0,093850","9","10,655301","5631","437877"
"103","12:15:21","07:25,408","445","00:07,531","0,209194","209,194443","0,125517","12","7,967069","7531","445408"
"104","12:15:25","07:30,005","450","00:04,597","0,127694","127,694443","0,076617","7","13,051991","4597","450005"
"105","12:15:28","07:32,670","452","00:02,665","0,074028","74,027779","0,044417","4","22,514072","2665","452670"
"106","12:15:30","07:34,804","454","00:02,134","0,059278","59,277779","0,035567","3","28,116211","2134","454804"
"107","12:15:34","07:38,201","458","00:03,397","0,094361","94,361115","0,056617","5","17,662643","3397","458201"
"108","12:15:36","07:40,935","460","00:02,734","0,075944","75,944443","0,045567","4","21,945868","2734","460935"
"109","12:15:39","07:43,798","463","00:02,863","0,079528","79,527779","0,047717","4","20,957039","2863","463798"
"110","12:15:44","07:48,180","468","00:04,382","0,121722","121,722221","0,073033","7","13,692378","4382","468180"
"111","12:15:45","07:49,998","469","00:01,818","0,050500","50,500000","0,030300","3","33,003300","1818","469998"
"112","12:15:50","07:54,678","474","00:04,680","0,130000","130,000000","0,078000","7","12,820514","4680","474678"
"113","12:15:54","07:58,576","478","00:03,898","0,108278","108,277779","0,064967","6","15,392509","3898","478576"
"114","12:15:57","08:01,575","481","00:02,999","0,083306","83,305557","0,049983","4","20,006668","2999","481575"
"115","12:16:02","08:06,055","486","00:04,480","0,124444","124,444443","0,074667","7","13,392858","4480","486055"
"116","12:16:05","08:09,537","489","00:03,482","0,096722","96,722221","0,058033","5","17,231476","3482","489537"
"117","12:16:08","08:12,386","492","00:02,849","0,079139","79,138885","0,047483","4","21,060022","2849","492386"
"118","12:16:11","08:15,865","495","00:03,479","0,096639","96,638885","0,057983","5","17,246334","3479","495865"
"119","12:16:14","08:18,850","498","00:02,985","0,082917","82,916664","0,049750","4","20,100504","2985","498850"
"120","12:16:16","08:20,366","500","00:01,516","0,042111","42,111111","0,025267","2","39,577835","1516","500366"
"121","12:16:20","08:24,497","504","00:04,131","0,114750","114,750000","0,068850","6","14,524327","4131","504497"
"122","12:16:24","08:28,879","508","00:04,382","0,121722","121,722221","0,073033","7","13,692378","4382","508879"
"123","12:16:27","08:31,311","511","00:02,432","0,067556","67,555557","0,040533","4","24,671055","2432","511311"
"124","12:16:30","08:34,309","514","00:02,998","0,083278","83,277779","0,049967","4","20,013342","2998","514309"
"125","12:16:33","08:37,108","517","00:02,799","0,077750","77,750000","0,046650","4","21,436228","2799","517108"
"126","12:16:36","08:40,323","520","00:03,215","0,089306","89,305557","0,053583","5","18,662519","3215","520323"
"127","12:16:41","08:45,787","525","00:05,464","0,151778","151,777771","0,091067","9","10,980966","5464","525787"
"128","12:16:45","08:49,019","529","00:03,232","0,089778","89,777779","0,053867","5","18,564356","3232","529019"
"129","12:16:51","08:56,016","536","00:06,997","0,194361","194,361115","0,116617","11","8,575103","6997","536016"
"130","12:16:54","08:58,515","538","00:02,499","0,069417","69,416664","0,041650","4","24,009604","2499","538515"
"131","12:16:58","09:02,547","542","00:04,032","0,112000","112,000000","0,067200","6","14,880953","4032","542547"
"132","12:17:07","09:11,326","551","00:08,779","0,243861","243,861115","0,146317","14","6,834491","8779","551326"
"133","12:17:10","09:14,858","554","00:03,532","0,098111","98,111115","0,058867","5","16,987541","3532","554858"
"134","12:17:13","09:17,557","557","00:02,699","0,074972","74,972221","0,044983","4","22,230457","2699","557557"
"135","12:17:14","09:19,005","559","00:01,448","0,040222","40,222221","0,024133","2","41,436466","1448","559005"
"136","12:17:16","09:20,872","560","00:01,867","0,051861","51,861111","0,031117","3","32,137119","1867","560872"
"137","12:17:18","09:22,937","562","00:02,065","0,057361","57,361111","0,034417","3","29,055689","2065","562937"
"138","12:17:20","09:24,238","564","00:01,301","0,036139","36,138889","0,021683","2","46,118370","1301","564238"
"139","12:17:25","09:29,919","569","00:05,681","0,157806","157,805557","0,094683","9","10,561521","5681","569919"
"140","12:17:28","09:32,466","572","00:02,547","0,070750","70,750000","0,042450","4","23,557127","2547","572466"
"141","12:17:31","09:35,448","575","00:02,982","0,082833","82,833336","0,049700","4","20,120724","2982","575448"
"142","12:17:36","09:40,531","580","00:05,083","0,141194","141,194443","0,084717","8","11,804052","5083","580531"
"143","12:17:55","09:59,870","599","00:19,339","0,537194","537,194458","0,322317","32","3,102539","19339","599870"
"144","12:18:02","10:06,552","606","00:06,682","0,185611","185,611115","0,111367","11","8,979347","6682","606552"
"145","12:18:03","10:07,351","607","00:00,799","0,022194","22,194445","0,013317","1","75,093864","799","607351"
"146","12:18:07","10:11,798","611","00:04,447","0,123528","123,527779","0,074117","7","13,492242","4447","611798"
"147","12:18:10","10:14,165","614","00:02,367","0,065750","65,750000","0,039450","3","25,348541","2367","614165"
"148","12:18:13","10:17,830","617","00:03,665","0,101806","101,805557","0,061083","6","16,371078","3665","617830"
"149","12:18:15","10:19,745","619","00:01,915","0,053194","53,194443","0,031917","3","31,331593","1915","619745"
"150","12:18:22","10:26,409","626","00:06,664","0,185111","185,111115","0,111067","11","9,003601","6664","626409"
"151","12:18:25","10:29,557","629","00:03,148","0,087444","87,444443","0,052467","5","19,059719","3148","629557"
"152","12:18:34","10:38,288","638","00:08,731","0,242528","242,527771","0,145517","14","6,872065","8731","638288"
"153","12:18:39","10:43,034","643","00:04,746","0,131833","131,833328","0,079100","7","12,642225","4746","643034"
"154","12:18:40","10:44,352","644","00:01,318","0,036611","36,611111","0,021967","2","45,523521","1318","644352"
"155","12:18:42","10:46,750","646","00:02,398","0,066611","66,611115","0,039967","3","25,020851","2398","646750"
"156","12:18:45","10:49,116","649","00:02,366","0,065722","65,722221","0,039433","3","25,359255","2366","649116"
"157","12:18:53","10:57,096","657","00:07,980","0,221667","221,666672","0,133000","13","7,518797","7980","657096"
"158","12:19:00","11:04,725","664","00:07,629","0,211917","211,916672","0,127150","12","7,864727","7629","664725"
"159","12:19:03","11:08,008","668","00:03,283","0,091194","91,194443","0,054717","5","18,275967","3283","668008"
"160","12:19:12","11:16,585","676","00:08,577","0,238250","238,250000","0,142950","14","6,995453","8577","676585"
"161","12:19:15","11:19,718","679","00:03,133","0,087028","87,027779","0,052217","5","19,150974","3133","679718"
"162","12:19:17","11:21,736","681","00:02,018","0,056056","56,055557","0,033633","3","29,732409","2018","681736"
"163","12:19:20","11:24,615","684","00:02,879","0,079972","79,972221","0,047983","4","20,840570","2879","684615"
"164","12:19:24","11:28,631","688","00:04,016","0,111556","111,555557","0,066933","6","14,940241","4016","688631"
"165","12:19:37","11:41,541","701","00:12,910","0,358611","358,611115","0,215167","21","4,647560","12910","701541"
"166","12:19:40","11:44,744","704","00:03,203","0,088972","88,972221","0,053383","5","18,732437","3203","704744"
"167","12:19:42","11:46,406","706","00:01,662","0,046167","46,166668","0,027700","2","36,101082","1662","706406"
"168","12:19:43","11:47,572","707","00:01,166","0,032389","32,388889","0,019433","1","51,457977","1166","707572"
"169","12:19:44","11:48,388","708","00:00,816","0,022667","22,666666","0,013600","1","73,529411","816","708388"
"170","12:19:49","11:53,836","713","00:05,448","0,151333","151,333328","0,090800","9","11,013216","5448","713836"
"171","12:19:54","11:58,252","718","00:04,416","0,122667","122,666664","0,073600","7","13,586956","4416","718252"
"172","12:19:56","12:00,949","720","00:02,697","0,074917","74,916664","0,044950","4","22,246941","2697","720949"
"173","12:19:58","12:02,716","722","00:01,767","0,049083","49,083332","0,029450","2","33,955856","1767","722716"
"174","12:19:59","12:03,965","723","00:01,249","0,034694","34,694443","0,020817","2","48,038433","1249","723965"
"175","12:20:01","12:05,667","725","00:01,702","0,047278","47,277779","0,028367","2","35,252644","1702","725667"
"176","12:20:03","12:07,564","727","00:01,897","0,052694","52,694443","0,031617","3","31,628889","1897","727564"
"177","12:20:13","12:17,574","737","00:10,010","0,278056","278,055542","0,166833","16","5,994006","10010","737574"
"178","12:20:16","12:20,359","740","00:02,785","0,077361","77,361115","0,046417","4","21,543985","2785","740359"
"179","12:20:19","12:23,538","743","00:03,179","0,088306","88,305557","0,052983","5","18,873859","3179","743538"
"180","12:20:23","12:27,722","747","00:04,184","0,116222","116,222221","0,069733","6","14,340343","4184","747722"
"181","12:20:25","12:29,371","749","00:01,649","0,045806","45,805557","0,027483","2","36,385685","1649","749371"
"182","12:20:28","12:32,335","752","00:02,964","0,082333","82,333336","0,049400","4","20,242916","2964","752335"
"183","12:20:29","12:33,819","753","00:01,484","0,041222","41,222221","0,024733","2","40,431267","1484","753819"
"184","12:20:33","12:37,033","757","00:03,214","0,089278","89,277779","0,053567","5","18,668325","3214","757033"
"185","12:20:35","12:39,099","759","00:02,066","0,057389","57,388889","0,034433","3","29,041628","2066","759099"
"186","12:20:38","12:42,397","762","00:03,298","0,091611","91,611115","0,054967","5","18,192842","3298","762397"
"187","12:20:39","12:43,998","763","00:01,601","0,044472","44,472221","0,026683","2","37,476578","1601","763998"
"188","12:20:41","12:45,412","765","00:01,414","0,039278","39,277779","0,023567","2","42,432816","1414","765412"
"189","12:20:44","12:48,345","768","00:02,933","0,081472","81,472221","0,048883","4","20,456869","2933","768345"
"190","12:20:47","12:51,677","771","00:03,332","0,092556","92,555557","0,055533","5","18,007202","3332","771677"
"191","12:20:49","12:53,326","773","00:01,649","0,045806","45,805557","0,027483","2","36,385685","1649","773326"
"192","12:20:52","12:56,708","776","00:03,382","0,093944","93,944443","0,056367","5","17,740982","3382","776708"
"193","12:20:54","12:58,757","778","00:02,049","0,056917","56,916668","0,034150","3","29,282576","2049","778757"
"194","12:20:56","13:00,306","780","00:01,549","0,043028","43,027779","0,025817","2","38,734665","1549","780306"
"195","12:21:01","13:05,087","785","00:04,781","0,132806","132,805557","0,079683","7","12,549676","4781","785087"
"196","12:21:03","13:08,019","788","00:02,932","0,081444","81,444443","0,048867","4","20,463846","2932","788019"
"197","12:21:06","13:10,402","790","00:02,383","0,066194","66,194443","0,039717","3","25,178349","2383","790402"
"198","12:21:07","13:11,819","791","00:01,417","0,039361","39,361111","0,023617","2","42,342976","1417","791819"
"199","12:21:09","13:13,401","793","00:01,582","0,043944","43,944443","0,026367","2","37,926674","1582","793401"
"200","12:21:11","13:15,915","795","00:02,514","0,069833","69,833336","0,041900","4","23,866350","2514","795915"
"201","12:21:14","13:18,499","798","00:02,584","0,071778","71,777779","0,043067","4","23,219812","2584","798499"
"202","12:21:16","13:20,296","800","00:01,797","0,049917","49,916668","0,029950","2","33,388981","1797","800296"
"203","12:21:18","13:22,646","802","00:02,350","0,065278","65,277779","0,039167","3","25,531916","2350","802646"
"204","12:21:20","13:24,495","804","00:01,849","0,051361","51,361111","0,030817","3","32,449974","1849","804495"
"205","12:21:22","13:26,810","806","00:02,315","0,064306","64,305557","0,038583","3","25,917925","2315","806810"
"206","12:21:28","13:32,108","812","00:05,298","0,147167","147,166672","0,088300","8","11,325028","5298","812108"
"207","12:21:32","13:36,340","816","00:04,232","0,117556","117,555557","0,070533","7","14,177695","4232","816340"
"208","12:21:36","13:40,638","820","00:04,298","0,119389","119,388885","0,071633","7","13,959982","4298","820638"
"209","12:21:44","13:48,450","828","00:07,812","0,217000","217,000000","0,130200","13","7,680491","7812","828450"
"210","12:21:46","13:50,251","830","00:01,801","0,050028","50,027779","0,030017","3","33,314827","1801","830251"
"211","12:21:52","13:56,481","836","00:06,230","0,173056","173,055557","0,103833","10","9,630818","6230","836481"
"212","12:21:53","13:57,630","837","00:01,149","0,031917","31,916666","0,019150","1","52,219322","1149","837630"
"213","12:21:54","13:58,796","838","00:01,166","0,032389","32,388889","0,019433","1","51,457977","1166","838796"
"214","12:21:56","14:00,961","840","00:02,165","0,060139","60,138889","0,036083","3","27,713627","2165","840961"
"215","12:22:13","14:17,437","857","00:16,476","0,457667","457,666656","0,274600","27","3,641661","16476","857437"
"216","12:22:15","14:19,570","859","00:02,133","0,059250","59,250000","0,035550","3","28,129396","2133","859570"
"217","12:22:23","14:27,566","867","00:07,996","0,222111","222,111115","0,133267","13","7,503752","7996","867566"
"218","12:22:25","14:29,349","869","00:01,783","0,049528","49,527779","0,029717","2","33,651150","1783","869349"
"219","12:22:26","14:30,781","870","00:01,432","0,039778","39,777779","0,023867","2","41,899441","1432","870781"
"220","12:22:34","14:38,036","878","00:07,255","0,201528","201,527771","0,120917","12","8,270158","7255","878036"
"221","12:22:56","15:00,251","900","00:22,215","0,617083","617,083313","0,370250","37","2,700878","22215","900251"
"222","12:23:01","15:05,282","905","00:05,031","0,139750","139,750000","0,083850","8","11,926058","5031","905282"
"223","12:23:26","15:30,954","930","00:25,672","0,713111","713,111084","0,427867","42","2,337177","25672","930954"
"224","12:23:34","15:38,251","938","00:07,297","0,202694","202,694443","0,121617","12","8,222557","7297","938251"
"225","12:23:35","15:39,551","939","00:01,300","0,036111","36,111111","0,021667","2","46,153847","1300","939551"
"226","12:23:40","15:44,065","944","00:04,514","0,125389","125,388885","0,075233","7","13,291981","4514","944065"
"227","12:23:41","15:45,797","945","00:01,732","0,048111","48,111111","0,028867","2","34,642033","1732","945797"
"228","12:23:43","15:47,530","947","00:01,733","0,048139","48,138889","0,028883","2","34,622040","1733","947530"
"229","12:23:46","15:50,714","950","00:03,184","0,088444","88,444443","0,053067","5","18,844221","3184","950714"
"230","12:23:49","15:53,360","953","00:02,646","0,073500","73,500000","0,044100","4","22,675737","2646","953360"
"231","12:23:51","15:55,759","955","00:02,399","0,066639","66,638885","0,039983","3","25,010422","2399","955759"
"232","12:24:01","16:05,138","965","00:09,379","0,260528","260,527771","0,156317","15","6,397271","9379","965138"
"233","12:24:04","16:08,270","968","00:03,132","0,087000","87,000000","0,052200","5","19,157087","3132","968270"
"234","12:24:06","16:10,154","970","00:01,884","0,052333","52,333332","0,031400","3","31,847136","1884","970154"
"235","12:24:12","16:16,467","976","00:06,313","0,175361","175,361115","0,105217","10","9,504198","6313","976467"
"236","12:24:16","16:20,215","980","00:03,748","0,104111","104,111115","0,062467","6","16,008537","3748","980215"
"237","12:24:19","16:23,280","983","00:03,065","0,085139","85,138885","0,051083","5","19,575857","3065","983280"
"238","12:24:21","16:25,146","985","00:01,866","0,051833","51,833332","0,031100","3","32,154339","1866","985146"
"239","12:24:25","16:29,729","989","00:04,583","0,127306","127,305557","0,076383","7","13,091861","4583","989729"
"240","12:24:28","16:32,176","992","00:02,447","0,067972","67,972221","0,040783","4","24,519819","2447","992176"
"241","12:24:35","16:39,339","999","00:07,163","0,198972","198,972229","0,119383","11","8,376378","7163","999339"
"242","12:24:51","16:55,915","1015","00:16,576","0,460444","460,444458","0,276267","27","3,619691","16576","1015915"
"243","12:24:54","16:58,398","1018","00:02,483","0,068972","68,972221","0,041383","4","24,164318","2483","1018398"
"244","12:24:58","17:02,679","1022","00:04,281","0,118917","118,916664","0,071350","7","14,015417","4281","1022679"
"245","12:25:00","17:04,413","1024","00:01,734","0,048167","48,166668","0,028900","2","34,602077","1734","1024413"
"246","12:25:02","17:06,661","1026","00:02,248","0,062444","62,444443","0,037467","3","26,690393","2248","1026661"
"247","12:25:05","17:09,527","1029","00:02,866","0,079611","79,611115","0,047767","4","20,935101","2866","1029527"
"248","12:25:07","17:11,492","1031","00:01,965","0,054583","54,583332","0,032750","3","30,534351","1965","1031492"
"249","12:25:10","17:14,457","1034","00:02,965","0,082361","82,361115","0,049417","4","20,236088","2965","1034457"
"250","12:25:13","17:17,907","1037","00:03,450","0,095833","95,833336","0,057500","5","17,391304","3450","1037907"
"251","12:25:16","17:20,956","1040","00:03,049","0,084694","84,694443","0,050817","5","19,678583","3049","1040956"
"252","12:25:18","17:22,904","1042","00:01,948","0,054111","54,111111","0,032467","3","30,800823","1948","1042904"
"253","12:25:23","17:27,136","1047","00:04,232","0,117556","117,555557","0,070533","7","14,177695","4232","1047136"
"254","12:25:24","17:28,701","1048","00:01,565","0,043472","43,472221","0,026083","2","38,338657","1565","1048701"
"255","12:25:34","17:38,598","1058","00:09,897","0,274917","274,916656","0,164950","16","6,062443","9897","1058598"
"256","12:25:35","17:39,630","1059","00:01,032","0,028667","28,666666","0,017200","1","58,139538","1032","1059630"
"257","12:25:37","17:41,063","1061","00:01,433","0,039806","39,805557","0,023883","2","41,870201","1433","1061063"
"258","12:26:01","18:05,484","1085","00:24,421","0,678361","678,361084","0,407017","40","2,456902","24421","1085484"
"259","12:26:21","18:25,576","1105","00:20,092","0,558111","558,111084","0,334867","33","2,986264","20092","1105576"
"260","12:26:24","18:28,240","1108","00:02,664","0,074000","74,000000","0,044400","4","22,522524","2664","1108240"
"261","12:26:26","18:30,340","1110","00:02,100","0,058333","58,333332","0,035000","3","28,571428","2100","1110340"
"262","12:26:30","18:34,039","1114","00:03,699","0,102750","102,750000","0,061650","6","16,220600","3699","1114039"
"263","12:26:32","18:36,039","1116","00:02,000","0,055556","55,555557","0,033333","3","29,999998","2000","1116039"
"264","12:26:34","18:38,837","1118","00:02,798","0,077722","77,722221","0,046633","4","21,443888","2798","1118837"
"265","12:26:37","18:41,468","1121","00:02,631","0,073083","73,083336","0,043850","4","22,805017","2631","1121468"
"266","12:26:42","18:46,932","1126","00:05,464","0,151778","151,777771","0,091067","9","10,980966","5464","1126932"
"267","12:26:46","18:50,480","1130","00:03,548","0,098556","98,555557","0,059133","5","16,910934","3548","1130480"
"268","12:26:48","18:52,381","1132","00:01,901","0,052806","52,805557","0,031683","3","31,562336","1901","1132381"
"269","12:26:50","18:55,030","1135","00:02,649","0,073583","73,583336","0,044150","4","22,650057","2649","1135030"
"270","12:26:54","18:58,112","1138","00:03,082","0,085611","85,611115","0,051367","5","19,467878","3082","1138112"
"271","12:26:59","19:03,326","1143","00:05,214","0,144833","144,833328","0,086900","8","11,507480","5214","1143326"
"272","12:27:13","19:17,087","1157","00:13,761","0,382250","382,250000","0,229350","22","4,360148","13761","1157087"
"273","12:27:15","19:19,819","1159","00:02,732","0,075889","75,888885","0,045533","4","21,961931","2732","1159819"
"274","12:27:16","19:20,568","1160","00:00,749","0,020806","20,805555","0,012483","1","80,106812","749","1160568"
"275","12:27:18","19:22,118","1162","00:01,550","0,043056","43,055557","0,025833","2","38,709679","1550","1162118"
"276","12:27:19","19:23,965","1163","00:01,847","0,051306","51,305557","0,030783","3","32,485111","1847","1163965"
"277","12:27:21","19:25,349","1165","00:01,384","0,038444","38,444443","0,023067","2","43,352604","1384","1165349"
"278","12:27:23","19:27,681","1167","00:02,332","0,064778","64,777779","0,038867","3","25,728989","2332","1167681"
"279","12:27:31","19:35,410","1175","00:07,729","0,214694","214,694443","0,128817","12","7,762971","7729","1175410"
"280","12:27:43","19:47,305","1187","00:11,895","0,330417","330,416656","0,198250","19","5,044136","11895","1187305"
"281","12:27:48","19:52,036","1192","00:04,731","0,131417","131,416672","0,078850","7","12,682308","4731","1192036"
"282","12:27:53","19:57,367","1197","00:05,331","0,148083","148,083328","0,088850","8","11,254924","5331","1197367"
"283","12:28:02","20:06,979","1206","00:09,612","0,267000","267,000000","0,160200","16","6,242197","9612","1206979"
"284","12:28:05","20:09,229","1209","00:02,250","0,062500","62,500000","0,037500","3","26,666666","2250","1209229"
"285","12:28:06","20:10,428","1210","00:01,199","0,033306","33,305557","0,019983","1","50,041702","1199","1210428"
"286","12:28:08","20:12,393","1212","00:01,965","0,054583","54,583332","0,032750","3","30,534351","1965","1212393"
"287","12:28:13","20:17,408","1217","00:05,015","0,139306","139,305557","0,083583","8","11,964108","5015","1217408"
"288","12:28:15","20:19,891","1219","00:02,483","0,068972","68,972221","0,041383","4","24,164318","2483","1219891"
"289","12:28:17","20:21,506","1221","00:01,615","0,044861","44,861111","0,026917","2","37,151703","1615","1221506"
"290","12:28:21","20:25,687","1225","00:04,181","0,116139","116,138885","0,069683","6","14,350634","4181","1225687"
"291","12:28:32","20:36,949","1236","00:11,262","0,312833","312,833344","0,187700","18","5,327651","11262","1236949"
"292","12:28:35","20:39,415","1239","00:02,466","0,068500","68,500000","0,041100","4","24,330898","2466","1239415"
"293","12:28:38","20:42,149","1242","00:02,734","0,075944","75,944443","0,045567","4","21,945868","2734","1242149"
"294","12:28:41","20:45,345","1245","00:03,196","0,088778","88,777779","0,053267","5","18,773466","3196","1245345"
"295","12:28:46","20:50,277","1250","00:04,932","0,137000","137,000000","0,082200","8","12,165449","4932","1250277"
"296","12:28:50","20:54,508","1254","00:04,231","0,117528","117,527779","0,070517","7","14,181045","4231","1254508"
"297","12:28:51","20:55,893","1255","00:01,385","0,038472","38,472221","0,023083","2","43,321301","1385","1255893"
"298","12:28:54","20:58,657","1258","00:02,764","0,076778","76,777779","0,046067","4","21,707672","2764","1258657"
"299","12:29:07","21:11,333","1271","00:12,676","0,352111","352,111115","0,211267","21","4,733355","12676","1271333"
"300","12:29:08","21:12,617","1272","00:01,284","0,035667","35,666668","0,021400","2","46,728970","1284","1272617"
"301","12:29:10","21:14,966","1274","00:02,349","0,065250","65,250000","0,039150","3","25,542784","2349","1274966"
"302","12:29:32","21:36,805","1296","00:21,839","0,606639","606,638916","0,363983","36","2,747379","21839","1296805"
"303","12:29:42","21:46,667","1306","00:09,862","0,273944","273,944458","0,164367","16","6,083958","9862","1306667"
"304","12:29:43","21:47,918","1307","00:01,251","0,034750","34,750000","0,020850","2","47,961628","1251","1307918"
"305","12:29:47","21:51,182","1311","00:03,264","0,090667","90,666664","0,054400","5","18,382353","3264","1311182"
"306","12:29:49","21:53,964","1313","00:02,782","0,077278","77,277779","0,046367","4","21,567217","2782","1313964"
"307","12:29:51","21:55,814","1315","00:01,850","0,051389","51,388889","0,030833","3","32,432430","1850","1315814"
"308","12:29:53","21:57,213","1317","00:01,399","0,038861","38,861111","0,023317","2","42,887775","1399","1317213"
"309","12:29:54","21:58,929","1318","00:01,716","0,047667","47,666668","0,028600","2","34,965034","1716","1318929"
"310","12:29:57","22:01,428","1321","00:02,499","0,069417","69,416664","0,041650","4","24,009604","2499","1321428"
"311","12:30:11","22:15,971","1335","00:14,543","0,403972","403,972229","0,242383","24","4,125696","14543","1335971"
"312","12:30:15","22:19,303","1339","00:03,332","0,092556","92,555557","0,055533","5","18,007202","3332","1339303"
"313","12:30:24","22:28,098","1348","00:08,795","0,244306","244,305557","0,146583","14","6,822058","8795","1348098"
"314","12:30:34","22:38,360","1358","00:10,262","0,285056","285,055542","0,171033","17","5,846813","10262","1358360"
"315","12:30:50","22:54,453","1374","00:16,093","0,447028","447,027771","0,268217","26","3,728329","16093","1374453"
"316","12:30:58","23:02,166","1382","00:07,713","0,214250","214,250000","0,128550","12","7,779075","7713","1382166"
"317","12:30:59","23:03,799","1383","00:01,633","0,045361","45,361111","0,027217","2","36,742191","1633","1383799"
"318","12:31:02","23:06,614","1386","00:02,815","0,078194","78,194443","0,046917","4","21,314386","2815","1386614"
"319","12:31:07","23:11,929","1391","00:05,315","0,147639","147,638885","0,088583","8","11,288805","5315","1391929"
"320","12:31:11","23:15,494","1395","00:03,565","0,099028","99,027779","0,059417","5","16,830294","3565","1395494"
"321","12:31:12","23:16,562","1396","00:01,068","0,029667","29,666666","0,017800","1","56,179775","1068","1396562"
"322","12:31:44","23:48,195","1428","00:31,633","0,878694","878,694458","0,527217","52","1,896753","31633","1428195"
"323","12:31:45","23:49,829","1429","00:01,634","0,045389","45,388889","0,027233","2","36,719707","1634","1429829"
"324","12:31:47","23:51,060","1431","00:01,231","0,034194","34,194443","0,020517","2","48,740864","1231","1431060"
"325","12:31:48","23:52,694","1432","00:01,634","0,045389","45,388889","0,027233","2","36,719707","1634","1432694"
"326","12:31:50","23:54,660","1434","00:01,966","0,054611","54,611111","0,032767","3","30,518820","1966","1434660"
"327","12:31:53","23:57,525","1437","00:02,865","0,079583","79,583336","0,047750","4","20,942408","2865","1437525"
"328","12:31:55","23:59,990","1439","00:02,465","0,068472","68,472221","0,041083","4","24,340771","2465","1439990"
"329","12:31:57","24:02,008","1442","00:02,018","0,056056","56,055557","0,033633","3","29,732409","2018","1442008"
"330","12:31:59","24:03,338","1443","00:01,330","0,036944","36,944443","0,022167","2","45,112782","1330","1443338"
"331","12:32:08","24:12,601","1452","00:09,263","0,257306","257,305542","0,154383","15","6,477383","9263","1452601"
"332","12:32:28","24:32,576","1472","00:19,975","0,554861","554,861084","0,332917","33","3,003755","19975","1472576"
"333","12:32:32","24:36,807","1476","00:04,231","0,117528","117,527779","0,070517","7","14,181045","4231","1476807"
"334","12:32:35","24:39,639","1479","00:02,832","0,078667","78,666664","0,047200","4","21,186440","2832","1479639"
"335","12:32:40","24:44,220","1484","00:04,581","0,127250","127,250000","0,076350","7","13,097578","4581","1484220"
"336","12:32:42","24:46,203","1486","00:01,983","0,055083","55,083332","0,033050","3","30,257185","1983","1486203"
"337","12:32:43","24:47,753","1487","00:01,550","0,043056","43,055557","0,025833","2","38,709679","1550","1487753"
"338","12:32:45","24:49,769","1489","00:02,016","0,056000","56,000000","0,033600","3","29,761906","2016","1489769"
"339","12:32:46","24:50,786","1490","00:01,017","0,028250","28,250000","0,016950","1","58,997051","1017","1490786"
"340","12:32:49","24:53,800","1493","00:03,014","0,083722","83,722221","0,050233","5","19,907101","3014","1493800"
"341","12:32:52","24:56,967","1496","00:03,167","0,087972","87,972221","0,052783","5","18,945374","3167","1496967"
"342","12:32:54","24:58,148","1498","00:01,181","0,032806","32,805557","0,019683","1","50,804405","1181","1498148"
"343","12:32:58","25:02,046","1502","00:03,898","0,108278","108,277779","0,064967","6","15,392509","3898","1502046"
"344","12:33:00","25:04,994","1504","00:02,948","0,081889","81,888885","0,049133","4","20,352781","2948","1504994"
"345","12:33:04","25:08,759","1508","00:03,765","0,104583","104,583336","0,062750","6","15,936254","3765","1508759"
"346","12:33:07","25:11,258","1511","00:02,499","0,069417","69,416664","0,041650","4","24,009604","2499","1511258"
"347","12:33:08","25:12,490","1512","00:01,232","0,034222","34,222221","0,020533","2","48,701302","1232","1512490"
"348","12:33:09","25:13,374","1513","00:00,884","0,024556","24,555555","0,014733","1","67,873306","884","1513374"
"349","12:33:10","25:14,542","1514","00:01,168","0,032444","32,444443","0,019467","1","51,369862","1168","1514542"
"350","12:33:13","25:17,056","1517","00:02,514","0,069833","69,833336","0,041900","4","23,866350","2514","1517056"
"351","12:33:15","25:19,504","1519","00:02,448","0,068000","68,000000","0,040800","4","24,509806","2448","1519504"
"352","12:33:18","25:22,037","1522","00:02,533","0,070361","70,361115","0,042217","4","23,687328","2533","1522037"
"353","12:33:21","25:25,935","1525","00:03,898","0,108278","108,277779","0,064967","6","15,392509","3898","1525935"
"354","12:33:23","25:27,919","1527","00:01,984","0,055111","55,111111","0,033067","3","30,241934","1984","1527919"
"355","12:33:25","25:29,750","1529","00:01,831","0,050861","50,861111","0,030517","3","32,768982","1831","1529750"
"356","12:33:27","25:31,801","1531","00:02,051","0,056972","56,972221","0,034183","3","29,254021","2051","1531801"
"357","12:33:29","25:33,982","1533","00:02,181","0,060583","60,583332","0,036350","3","27,510315","2181","1533982"
"358","12:33:33","25:37,564","1537","00:03,582","0,099500","99,500000","0,059700","5","16,750418","3582","1537564"
"359","12:33:35","25:39,556","1539","00:01,992","0,055333","55,333332","0,033200","3","30,120481","1992","1539556"
"360","12:33:38","25:42,943","1542","00:03,387","0,094083","94,083336","0,056450","5","17,714790","3387","1542943"
"361","12:33:43","25:47,991","1547","00:05,048","0,140222","140,222229","0,084133","8","11,885895","5048","1547991"
"362","12:33:45","25:49,924","1549","00:01,933","0,053694","53,694443","0,032217","3","31,039837","1933","1549924"
"363","12:33:52","25:56,055","1556","00:06,131","0,170306","170,305557","0,102183","10","9,786331","6131","1556055"
"364","12:33:53","25:57,339","1557","00:01,284","0,035667","35,666668","0,021400","2","46,728970","1284","1557339"
"365","12:33:58","26:02,470","1562","00:05,131","0,142528","142,527771","0,085517","8","11,693626","5131","1562470"
"366","12:34:00","26:04,567","1564","00:02,097","0,058250","58,250000","0,034950","3","28,612305","2097","1564567"
"367","12:34:03","26:07,816","1567","00:03,249","0,090250","90,250000","0,054150","5","18,467220","3249","1567816"
"368","12:34:05","26:09,316","1569","00:01,500","0,041667","41,666668","0,025000","2","40,000000","1500","1569316"
"369","12:34:09","26:13,746","1573","00:04,430","0,123056","123,055557","0,073833","7","13,544019","4430","1573746"
"370","12:34:15","26:19,478","1579","00:05,732","0,159222","159,222229","0,095533","9","10,467550","5732","1579478"
"371","12:34:18","26:22,327","1582","00:02,849","0,079139","79,138885","0,047483","4","21,060022","2849","1582327"
"372","12:34:20","26:24,559","1584","00:02,232","0,062000","62,000000","0,037200","3","26,881720","2232","1584559"
"373","12:35:06","27:10,454","1630","00:45,895","1,274861","1274,861084","0,764917","76","1,307332","45895","1630454"
"374","12:35:09","27:13,386","1633","00:02,932","0,081444","81,444443","0,048867","4","20,463846","2932","1633386"
"375","12:35:13","27:17,318","1637","00:03,932","0,109222","109,222221","0,065533","6","15,259410","3932","1637318"
"376","12:35:19","27:23,881","1643","00:06,563","0,182306","182,305557","0,109383","10","9,142160","6563","1643881"
"377","12:35:23","27:27,130","1647","00:03,249","0,090250","90,250000","0,054150","5","18,467220","3249","1647130"
"378","12:35:25","27:29,229","1649","00:02,099","0,058306","58,305557","0,034983","3","28,585041","2099","1649229"
"379","12:35:28","27:32,680","1652","00:03,451","0,095861","95,861115","0,057517","5","17,386265","3451","1652680"
"380","12:35:29","27:33,611","1653","00:00,931","0,025861","25,861111","0,015517","1","64,446831","931","1653611"
"381","12:35:31","27:35,211","1655","00:01,600","0,044444","44,444443","0,026667","2","37,500000","1600","1655211"
"382","12:35:33","27:37,776","1657","00:02,565","0,071250","71,250000","0,042750","4","23,391813","2565","1657776"
"383","12:35:37","27:41,590","1661","00:03,814","0,105944","105,944443","0,063567","6","15,731517","3814","1661590"
"384","12:35:39","27:43,756","1663","00:02,166","0,060167","60,166668","0,036100","3","27,700834","2166","1663756"
"385","12:35:42","27:46,038","1666","00:02,282","0,063389","63,388889","0,038033","3","26,292727","2282","1666038"
"386","12:35:43","27:47,137","1667","00:01,099","0,030528","30,527779","0,018317","1","54,595089","1099","1667137"
"387","12:35:44","27:48,737","1668","00:01,600","0,044444","44,444443","0,026667","2","37,500000","1600","1668737"
"388","12:35:46","27:50,888","1670","00:02,151","0,059750","59,750000","0,035850","3","27,894003","2151","1670888"
"389","12:35:50","27:54,850","1674","00:03,962","0,110056","110,055557","0,066033","6","15,143867","3962","1674850"
"390","12:35:52","27:56,733","1676","00:01,883","0,052306","52,305557","0,031383","3","31,864048","1883","1676733"
"391","12:36:11","28:15,908","1695","00:19,175","0,532639","532,638916","0,319583","31","3,129074","19175","1695908"
"392","12:36:22","28:26,203","1706","00:10,295","0,285972","285,972229","0,171583","17","5,828072","10295","1706203"
"393","12:36:25","28:29,368","1709","00:03,165","0,087917","87,916664","0,052750","5","18,957346","3165","1709368"
"394","12:36:29","28:33,651","1713","00:04,283","0,118972","118,972221","0,071383","7","14,008872","4283","1713651"
"395","12:36:30","28:34,999","1714","00:01,348","0,037444","37,444443","0,022467","2","44,510384","1348","1714999"
"396","12:36:33","28:37,182","1717","00:02,183","0,060639","60,638889","0,036383","3","27,485111","2183","1717182"
"397","12:36:34","28:38,365","1718","00:01,183","0,032861","32,861111","0,019717","1","50,718510","1183","1718365"
"398","12:36:37","28:41,479","1721","00:03,114","0,086500","86,500000","0,051900","5","19,267822","3114","1721479"
"399","12:36:47","28:51,841","1731","00:10,362","0,287833","287,833344","0,172700","17","5,790388","10362","1731841"
"400","12:36:49","28:53,174","1733","00:01,333","0,037028","37,027779","0,022217","2","45,011253","1333","1733174"
"401","12:36:57","29:01,363","1741","00:08,189","0,227472","227,472229","0,136483","13","7,326901","8189","1741363"
"402","12:37:01","29:06,019","1746","00:04,656","0,129333","129,333328","0,077600","7","12,886598","4656","1746019"
"403","12:37:04","29:08,418","1748","00:02,399","0,066639","66,638885","0,039983","3","25,010422","2399","1748418"
"404","12:37:14","29:18,032","1758","00:09,614","0,267056","267,055542","0,160233","16","6,240899","9614","1758032"
"405","12:37:15","29:19,314","1759","00:01,282","0,035611","35,611111","0,021367","2","46,801876","1282","1759314"
"406","12:37:18","29:22,728","1762","00:03,414","0,094833","94,833336","0,056900","5","17,574692","3414","1762728"
"407","12:37:20","29:24,777","1764","00:02,049","0,056917","56,916668","0,034150","3","29,282576","2049","1764777"
"408","12:37:24","29:28,392","1768","00:03,615","0,100417","100,416664","0,060250","6","16,597511","3615","1768392"
"409","12:37:29","29:33,190","1773","00:04,798","0,133278","133,277771","0,079967","7","12,505211","4798","1773190"
"410","12:37:31","29:35,972","1775","00:02,782","0,077278","77,277779","0,046367","4","21,567217","2782","1775972"
"411","12:37:36","29:40,286","1780","00:04,314","0,119833","119,833336","0,071900","7","13,908205","4314","1780286"
"412","12:37:37","29:41,722","1781","00:01,436","0,039889","39,888889","0,023933","2","41,782730","1436","1781722"
"413","12:37:39","29:43,401","1783","00:01,679","0,046639","46,638889","0,027983","2","35,735558","1679","1783401"
"414","12:37:41","29:45,367","1785","00:01,966","0,054611","54,611111","0,032767","3","30,518820","1966","1785367"
"415","12:37:42","29:46,384","1786","00:01,017","0,028250","28,250000","0,016950","1","58,997051","1017","1786384"
"416","12:37:47","29:51,932","1791","00:05,548","0,154111","154,111115","0,092467","9","10,814708","5548","1791932"
"417","12:38:11","30:15,526","1815","00:23,594","0,655389","655,388916","0,393233","39","2,543020","23594","1815526"
